<?xml version="1.0" encoding="UTF-8"?><!DOCTYPE config SYSTEM "custom-config.dtd"><config><element type="dataSource" subType="CSV" draft="false"/><default-parameters><simple-param name="name"><value>database</value></simple-param><simple-param name="file"><value>database.csv</value></simple-param><simple-param name="uploadToServer"><value>true</value></simple-param><simple-param name="separator"><value>,</value></simple-param><simple-param name="skipHeader"><value>true</value></simple-param></default-parameters></config>