<?xml version="1.0" encoding="UTF-8"?><!DOCTYPE config SYSTEM "custom-config.dtd"><config><element type="dataSource" subType="VDP" draft="false"/><default-parameters><simple-param name="name"><value>vdp</value></simple-param><simple-param name="connectionURI"><value>${default.dataSource.VDP.vdp.connectionURI}</value></simple-param><simple-param name="login"><value>${default.dataSource.VDP.vdp.login}</value></simple-param><simple-param name="password" encrypted="${default.dataSource.VDP.vdp.password.ENCRYPTED}"><value>${default.dataSource.VDP.vdp.password}</value></simple-param><simple-param name="useKerberos"><value>false</value></simple-param><simple-param name="queryTimeout"><value>0</value></simple-param><simple-param name="chunkTimeout"><value>90000</value></simple-param><simple-param name="chunkSize"><value>100</value></simple-param><simple-param name="poolEnabled"><value>true</value></simple-param><simple-param name="poolInitSize"><value>0</value></simple-param><simple-param name="poolMaxActive"><value>30</value></simple-param><simple-param name="poolMaxIdle"><value>20</value></simple-param><simple-param name="poolTestOnBorrow"><value>false</value></simple-param><simple-param name="poolMaxWait"><value>-1</value></simple-param></default-parameters></config>