<?xml version="1.0" encoding="UTF-8"?><!DOCTYPE config SYSTEM "custom-config.dtd"><config><element type="dataSource" subType="VDP" draft="false"/><default-parameters><simple-param name="name"><value>hi</value></simple-param><simple-param name="connectionURI"><value>${Samples.dataSource.VDP.hi.connectionURI}</value></simple-param><simple-param name="login"><value>${Samples.dataSource.VDP.hi.login}</value></simple-param><simple-param name="password" encrypted="${Samples.dataSource.VDP.hi.password.ENCRYPTED}"><value>${Samples.dataSource.VDP.hi.password}</value></simple-param><simple-param name="useKerberos"><value>false</value></simple-param><simple-param name="queryTimeout"><value>0</value></simple-param><simple-param name="chunkTimeout"><value>90000</value></simple-param><simple-param name="chunkSize"><value>100</value></simple-param><simple-param name="poolEnabled"><value>true</value></simple-param><simple-param name="poolInitSize"><value>0</value></simple-param><simple-param name="poolMaxActive"><value>30</value></simple-param><simple-param name="poolMaxIdle"><value>20</value></simple-param><simple-param name="poolValidationQuery"><value>select 1 from dual()</value></simple-param><simple-param name="poolTestOnBorrow"><value>true</value></simple-param><simple-param name="poolMaxWait"><value>-1</value></simple-param></default-parameters></config>