<?xml version="1.0" encoding="UTF-8"?><!DOCTYPE config SYSTEM "custom-config.dtd"><config><element type="job" subType="VDP" draft="false"/><default-parameters><simple-param name="name"><value>cache_clean</value></simple-param><simple-param name="dataSource"><value>vdp</value></simple-param><simple-param name="sourcesNotChange"><value>true</value></simple-param><compound-param name="fields"><value><compound-param name="source"><value><simple-param name="type"><value>database</value></simple-param><simple-param name="dataSource"><value>vdp</value></simple-param><simple-param name="nonParameterizedQuery"><value>select * from cacheclean;</value></simple-param></value></compound-param><compound-param name="field"><value><simple-param name="queryParamName"><value>database</value></simple-param><simple-param name="sourceParamName"><value>database_name</value></simple-param></value></compound-param></value></compound-param><compound-param name="reportConfig"><value><simple-param name="maxIndividualReports"><value>500</value></simple-param><simple-param name="reportOnlyErrors"><value>true</value></simple-param></value></compound-param><simple-param name="parameterizedQuery"><value>call clean_cache_database(&apos;@database&apos;)</value></simple-param><compound-param name="processor"><value><simple-param name="filterSequenceID"><value>-1</value></simple-param><compound-param name="exporter"><value><simple-param name="type"><value>CSV</value></simple-param><simple-param name="fileName"><value>${default.job.VDP.cache_clean.fileName}</value></simple-param><simple-param name="encoding"><value>UTF-8</value></simple-param><simple-param name="overwriteFile"><value>false</value></simple-param><simple-param name="separator"><value>,</value></simple-param><simple-param name="includeHeader"><value>true</value></simple-param><simple-param name="exportInternalFields"><value>false</value></simple-param><simple-param name="allowEmptyFile"><value>false</value></simple-param><simple-param name="filter"><value>NONE</value></simple-param></value></compound-param></value></compound-param></default-parameters></config>