<?xml version="1.0" encoding="UTF-8"?><!DOCTYPE config SYSTEM "custom-config.dtd"><config><element type="job" subType="VDP" draft="false"/><default-parameters><simple-param name="name"><value>changes</value></simple-param><simple-param name="dataSource"><value>vdp1</value></simple-param><simple-param name="sourcesNotChange"><value>true</value></simple-param><compound-param name="reportConfig"><value><simple-param name="maxIndividualReports"><value>500</value></simple-param><simple-param name="reportOnlyErrors"><value>true</value></simple-param></value></compound-param><simple-param name="parameterizedQuery"><value>SELECT table_name, field, type, old_type, modification, depth FROM database_change</value></simple-param><simple-param name="exportAsTransaction"><value>false</value></simple-param><compound-param name="processor"><value><simple-param name="filterSequenceID"><value>-1</value></simple-param><compound-param name="exporter"><value><simple-param name="type"><value>CSV</value></simple-param><simple-param name="fileName"><value>${default.job.VDP.changes.fileName}</value></simple-param><simple-param name="encoding"><value>UTF-8</value></simple-param><simple-param name="overwriteFile"><value>true</value></simple-param><simple-param name="separator"><value>,</value></simple-param><simple-param name="includeHeader"><value>true</value></simple-param><simple-param name="exportInternalFields"><value>false</value></simple-param><simple-param name="allowEmptyFile"><value>false</value></simple-param><simple-param name="filter"><value>NONE</value></simple-param></value></compound-param></value></compound-param></default-parameters></config>