<?xml version="1.0" encoding="UTF-8"?><!DOCTYPE config SYSTEM "custom-config.dtd"><config><element type="job" subType="VDP" draft="false"/><default-parameters><simple-param name="name"><value>hi</value></simple-param><simple-param name="dataSource"><value>vdp1</value></simple-param><simple-param name="sourcesNotChange"><value>true</value></simple-param><compound-param name="reportConfig"><value><simple-param name="maxIndividualReports"><value>500</value></simple-param><simple-param name="reportOnlyErrors"><value>true</value></simple-param></value></compound-param><simple-param name="parameterizedQuery"><value>call wait(200000)</value></simple-param><simple-param name="exportAsTransaction"><value>false</value></simple-param><compound-param name="handler"><value><simple-param name="type"><value>mail</value></simple-param><simple-param name="handleOnlyOnLastRetry"><value>false</value></simple-param><simple-param name="mailAddress"><value>${default.job.VDP.hi.mailAddress.0}</value><value>${default.job.VDP.hi.mailAddress.1}</value></simple-param><simple-param name="send"><value>ALWAYS</value></simple-param></value></compound-param></default-parameters></config>