<?xml version="1.0" encoding="UTF-8"?><!DOCTYPE config SYSTEM "custom-config.dtd"><config><element type="job" subType="VDP" draft="false"/><default-parameters><simple-param name="name"><value>new</value></simple-param><simple-param name="dataSource"><value>vdp</value></simple-param><simple-param name="sourcesNotChange"><value>true</value></simple-param><compound-param name="fields"><value><compound-param name="source"><value><simple-param name="type"><value>database</value></simple-param><simple-param name="dataSource"><value>vdp</value></simple-param><simple-param name="nonParameterizedQuery"><value>SELECT creation_vql from\n LIST_JDBC_DATASOURCE_TABLES() list_of_tables JOIN\n GENERATE_VQL_TO_CREATE_JDBC_BASE_VIEW () create_vql \nON list_of_tables.data_source_name=create_vql.data_source_name\nAND list_of_tables.catalog_name=create_vql.catalog_name\nAND list_of_tables.schema_name=create_vql.schema_name\nAND list_of_tables.table_name=create_vql.table_name \nWHERE list_of_tables.data_source_name =&apos;oracle_tpcds&apos;</value></simple-param></value></compound-param><compound-param name="field"><value><simple-param name="queryParamName"><value>creationvql</value></simple-param><simple-param name="sourceParamName"><value>creation_vql</value></simple-param></value></compound-param></value></compound-param><compound-param name="reportConfig"><value><simple-param name="maxIndividualReports"><value>500</value></simple-param><simple-param name="reportOnlyErrors"><value>true</value></simple-param></value></compound-param><simple-param name="parameterizedQuery"><value>@creationvql</value></simple-param></default-parameters></config>