<?xml version="1.0" encoding="UTF-8"?><!DOCTYPE config SYSTEM "custom-config.dtd"><config><element type="job" subType="VDP" draft="false"/><default-parameters><simple-param name="name"><value>Denodo_Clean_Cache_db_aloc</value></simple-param><simple-param name="description"><value>Denodo_Clean_Cache_db_aloc</value></simple-param><simple-param name="dataSource"><value>vd</value></simple-param><simple-param name="sourcesNotChange"><value>true</value></simple-param><compound-param name="reportConfig"><value><simple-param name="maxIndividualReports"><value>500</value></simple-param><simple-param name="reportOnlyErrors"><value>true</value></simple-param></value></compound-param><simple-param name="parameterizedQuery"><value>CALL CLEAN_CACHE_DATABASE (&apos;denodo_training&apos;)</value></simple-param><compound-param name="trigger"><value><simple-param name="type"><value>cron</value></simple-param><simple-param name="cronExpression"><value>0 40 15 ? * 1</value></simple-param></value></compound-param></default-parameters></config>