<?xml version="1.0" encoding="UTF-8"?><!DOCTYPE config SYSTEM "custom-config.dtd"><config><element type="job" subType="VDPCache" draft="false"/><default-parameters><simple-param name="name"><value>ggg</value></simple-param><simple-param name="dataSource"><value>hi</value></simple-param><compound-param name="loadProcess"><value><simple-param name="loadProcessName"><value>tutorial.bv_address</value></simple-param><simple-param name="parameterizedQuery"><value>select * from tutorial.bv_address </value></simple-param><simple-param name="cacheInvalidationMode"><value>NONE</value></simple-param><simple-param name="cacheAtomicOperation"><value>true</value></simple-param><simple-param name="cacheLoadOnError"><value>false</value></simple-param><simple-param name="sourcesNotChange"><value>true</value></simple-param><simple-param name="viewName"><value>tutorial.bv_address</value></simple-param></value></compound-param><compound-param name="reportConfig"><value><simple-param name="maxIndividualReports"><value>500</value></simple-param><simple-param name="reportOnlyErrors"><value>true</value></simple-param></value></compound-param></default-parameters></config>