<?xml version="1.0" encoding="UTF-8"?><!DOCTYPE config SYSTEM "custom-config.dtd"><config><element type="job" subType="VDP" draft="false"/><default-parameters><simple-param name="name"><value>vic</value></simple-param><simple-param name="dataSource"><value>hi</value></simple-param><simple-param name="sourcesNotChange"><value>true</value></simple-param><compound-param name="reportConfig"><value><simple-param name="maxIndividualReports"><value>500</value></simple-param><simple-param name="reportOnlyErrors"><value>true</value></simple-param></value></compound-param><simple-param name="parameterizedQuery"><value>select 1 from dual()</value></simple-param></default-parameters></config>